Continent;Region;Country;Country Code;CRIMINALITY;CRIMINAL MARKETS;Human trafficking;Human smuggling;Arms trafficking;Flora crimes;Fauna crimes;Non-renewable resource crimes;Heroin trade;Cocaine trade;Cannabis trade;Synthetic drug trade;CRIMINAL ACTORS;Mafia-style groups;Criminal networks;State-embedded actors;Foreign actors;RESILIENCE;Political leadership and governance;Government transparency and accountability;International cooperation;National policies and laws;Judicial system and detention;Law enforcement;Territorial integrity;Anti-money laundering;Economic regulatory capacity;Victim and witness support;Prevention;Non-state actors;;
Asia;Southern Asia;Afghanistan;AFG;7,08;6,90;8,5;8,0;8,5;6,0;4,0;8,0;9,5;1,0;7,0;8,5;7,25;7,5;8,5;9,0;4,0;2,67;3,0;2,5;3,0;3,0;2,0;3,0;3,0;3,0;3,5;2,0;2,0;2,0;;
Europe;Central & Eastern Europe;Albania;ALB;5,63;5,25;5,0;6,5;4,5;4,5;3,5;5,5;6,0;7,0;7,0;3,0;6,00;7,0;7,5;7,0;2,5;5,04;5,5;4,5;6,5;6,0;5,0;5,5;5,5;4,0;4,0;4,5;5,0;4,5;;
Africa;North Africa;Algeria;DZA;4,51;4,65;4,5;6,5;5,0;2,0;4,5;6,5;2,0;3,5;6,5;5,5;4,38;1,0;5,0;7,0;4,5;4,63;4,5;4,0;5,0;6,0;4,0;6,0;6,5;4,5;4,5;3,0;4,0;3,5;;
Europe;Western Europe;Andorra;AND;2,96;2,55;2,5;3,0;3,0;1,0;1,0;3,5;2,0;3,5;4,5;1,5;3,38;1,0;4,0;1,5;7,0;7,75;7,0;7,0;8,0;8,0;8,0;8,0;8,0;6,0;8,0;8,5;8,0;8,5;;
Africa;Central Africa;Angola;AGO;5,29;5,20;6,0;4,0;6,0;7,0;4,5;8,5;3,0;6,0;4,5;2,5;5,38;3,0;5,5;8,0;5,0;4,42;5,0;4,5;5,0;5,0;3,5;4,5;6,0;5,0;4,0;4,0;3,5;3,0;;
Americas;Caribbean;Antigua and Barbuda;ATG;3,34;3,05;4,0;2,0;3,0;1,0;3,5;1,5;3,0;6,0;5,0;1,5;3,63;3,0;3,0;3,0;5,5;4,33;4,5;5,0;5,0;5,0;3,0;4,0;4,0;2,5;5,0;4,0;4,5;5,5;;
Americas;South America;Argentina;ARG;4,38;3,75;4,0;3,0;3,0;3,0;3,5;3,0;2,0;6,5;6,5;3,0;5,00;4,0;6,0;5,0;5,0;6,33;7,0;5,0;6,0;7,0;6,0;6,5;6,0;7,0;6,0;6,0;5,5;8,0;;
Asia;Central Asia and the Caucasus;Armenia;ARM;3,26;3,40;3,5;2,0;2,5;4,0;4,5;3,5;4,0;2,0;4,0;4,0;3,13;3,0;3,0;3,5;3,0;5,71;6,0;6,0;6,5;6,0;4,5;6,0;5,5;6,0;5,5;5,5;5,0;6,0;;
Oceania;Australia and New Zealand;Australia;AUS;4,00;3,75;3,5;3,0;3,5;3,0;3,5;2,0;3,5;5,0;3,5;7,0;4,25;5,0;6,0;2,0;4,0;7,96;8,0;8,5;9,0;8,0;8,0;8,0;9,0;7,0;7,0;7,5;7,5;8,0;;
Europe;Western Europe;Austria;AUT;4,04;3,95;4,5;5,0;6,5;2,0;2,5;2,0;4,5;3,5;4,5;4,5;4,13;2,0;4,0;4,0;6,5;7,42;7,0;6,5;7,0;8,0;8,0;8,5;8,0;6,0;7,0;8,0;8,0;7,0;;
Asia;Central Asia and the Caucasus;Azerbaijan;AZE;5,08;4,15;4,5;3,0;3,0;3,5;3,5;6,0;6,0;3,0;5,0;4,0;6,00;5,5;5,5;7,5;5,5;4,08;3,5;3,5;5,5;4,0;2,5;4,0;5,0;4,5;4,0;4,0;5,0;3,5;;
Americas;Caribbean;Bahamas;BHS;3,79;3,95;4,5;5,0;4,5;1,0;4,5;2,0;4,0;7,0;4,0;3,0;3,63;3,5;2,0;3,0;6,0;5,21;6,0;6,0;6,0;6,0;3,5;6,0;5,0;4,5;4,0;6,5;5,0;4,0;;
Asia;Western Asia;Bahrain;BHR;4,83;5,65;7,5;5,5;5,5;4,0;6,0;6,5;5,0;4,0;6,0;6,5;4,00;1,0;6,0;4,0;5,0;5,54;6,0;5,0;7,0;5,5;5,0;5,0;6,5;5,5;6,0;5,5;5,5;4,0;;
Asia;Southern Asia;Bangladesh;BGD;4,98;4,95;8,0;6,0;5,0;4,0;5,0;3,5;4,5;3,0;4,0;6,5;5,00;5,5;5,5;7,0;2,0;4,13;3,5;4,0;5,5;5,0;3,0;4,0;5,0;4,5;3,5;3,5;4,0;4,0;;
Americas;Caribbean;Barbados;BRB;3,21;2,55;3,5;2,0;4,0;1,0;1,0;2,0;1,0;5,5;4,5;1,0;3,88;5,0;4,5;4,0;2,0;5,71;5,5;7,0;7,0;6,0;4,5;6,5;6,0;5,0;3,5;5,5;6,0;6,0;;
Europe;Central & Eastern Europe;Belarus;BLR;5,08;4,40;7,0;5,5;6,5;3,0;2,0;5,0;4,0;2,0;4,0;5,0;5,75;4,0;5,0;9,0;5,0;3,79;3,5;2,0;3,0;4,0;3,0;5,0;4,5;4,5;5,0;3,0;5,0;3,0;;
Europe;Western Europe;Belgium;BEL;4,34;5,05;5,0;5,5;5,5;2,5;3,5;3,0;4,0;7,5;6,5;7,5;3,63;3,0;4,5;2,0;5,0;7,00;7,0;7,0;8,0;7,0;6,0;7,0;6,0;7,0;7,0;7,5;6,5;8,0;;
Americas;Central America;Belize;BLZ;4,64;4,40;5,0;5,0;4,5;5,5;4,5;3,0;3,5;4,5;5,5;3,0;4,88;6,5;3,5;4,5;5,0;3,13;5,0;2,5;3,0;3,0;4,0;4,5;2,0;2,0;1,5;3,0;3,0;4,0;;
Africa;West Africa;Benin;BEN;5,25;5,25;6,0;4,0;5,5;6,0;5,5;5,0;4,5;6,0;4,0;6,0;5,25;1,0;6,0;6,0;8,0;3,54;4,0;4,5;4,0;3,0;3,0;4,0;3,5;3,0;4,0;3,0;2,0;4,5;;
Asia;Southern Asia;Bhutan;BTN;3,69;3,75;5,0;3,0;2,0;7,0;5,5;4,5;2,0;1,5;4,0;3,0;3,63;4,0;3,5;3,0;4,0;4,58;6,0;6,0;4,5;4,5;5,5;5,0;3,5;4,0;5,0;3,5;4,0;3,5;;
Americas;South America;Bolivia;BOL;4,30;4,60;5,0;2,0;4,0;7,0;5,0;8,0;2,0;8,5;2,5;2,0;4,00;3,5;2,0;6,0;4,5;4,88;5,0;4,0;5,0;6,0;3,5;5,0;5,0;4,5;5,0;5,0;6,0;4,5;;
Europe;Central & Eastern Europe;Bosnia and Herzegovina;BIH;5,89;5,15;5,5;7,0;6,0;4,5;4,0;3,0;6,0;4,5;5,5;5,5;6,63;4,0;6,5;8,0;8,0;3,92;3,0;4,0;5,0;4,0;3,5;3,5;4,0;4,0;3,5;4,0;4,0;4,5;;
Africa;Southern Africa;Botswana;BWA;3,71;3,80;4,5;3,0;3,0;2,0;7,5;3,5;3,5;3,5;4,0;3,5;3,63;1,0;5,5;3,0;5,0;5,63;6,0;5,0;8,0;6,0;6,5;5,0;5,0;4,5;5,5;5,5;4,5;6,0;;
Americas;South America;Brazil;BRA;6,50;6,50;5,0;4,0;8,0;8,5;8,5;8,0;2,0;9,0;8,0;4,0;6,50;7,5;6,5;8,5;3,5;5,04;3,0;4,5;7,5;4,5;3,0;5,0;5,5;6,0;6,0;5,0;4,0;6,5;;
Asia;South-Eastern Asia;Brunei;BRN;2,76;3,15;4,5;4,0;2,5;3,0;4,0;2,0;2,5;1,5;3,5;4,0;2,38;1,0;2,5;2,0;4,0;4,58;4,0;4,0;4,5;4,5;4,0;5,0;5,5;5,5;6,5;3,5;4,5;3,5;;
Europe;Central & Eastern Europe;Bulgaria;BGR;5,43;5,10;6,0;5,0;3,5;5,5;5,0;5,0;6,0;4,0;5,0;6,0;5,75;4,5;6,5;7,5;4,5;5,29;4,5;5,0;6,5;6,0;5,5;5,5;6,5;6,0;4,5;4,5;5,0;4,0;;
Africa;West Africa;Burkina Faso;BFA;5,49;5,35;6,0;4,0;8,0;4,0;6,0;8,5;4,0;4,0;3,0;6,0;5,63;3,5;6,5;6,5;6,0;3,63;3,5;4,0;5,5;5,0;4,0;3,0;3,0;3,0;3,0;2,5;2,0;5,0;;
Africa;Central Africa;Burundi;BDI;4,51;4,40;8,5;5,5;8,0;2,0;4,5;4,0;3,0;2,5;3,5;2,5;4,63;1,0;4,5;9,0;4,0;2,08;2,5;1,0;1,5;2,5;2,5;1,5;3,0;2,0;2,0;1,5;2,5;2,5;;
Africa;West Africa;Cabo Verde;CPV;4,04;3,70;4,5;2,0;2,5;2,5;4,0;1,0;4,0;7,0;5,0;4,5;4,38;2,5;4,0;4,0;7,0;6,33;6,5;6,0;8,5;7,0;7,0;6,0;7,5;5,0;6,0;3,5;6,0;7,0;;
Asia;South-Eastern Asia;Cambodia;KHM;5,83;6,15;7,5;6,5;5,0;8,0;8,0;8,0;4,0;2,5;4,5;7,5;5,50;2,5;4,0;8,5;7,0;3,92;4,5;3,5;5,0;4,5;4,0;4,5;4,5;4,0;4,0;3,0;3,0;2,5;;
Africa;Central Africa;Cameroon;CMR;6,31;6,25;6,5;5,5;6,5;7,0;7,5;7,5;4,5;3,5;7,0;7,0;6,38;4,0;7,5;8,0;6,0;3,13;2,0;1,5;5,0;4,5;2,5;4,0;2,0;3,5;2,5;2,5;2,5;5,0;;
Americas;North America;Canada;CAN;3,66;3,45;3,5;4,0;2,5;2,0;3,0;3,0;5,0;3,5;3,0;5,0;3,88;5,0;4,0;2,0;4,5;7,25;7,5;7,0;8,0;8,0;7,0;7,0;6,0;6,5;7,5;8,5;6,0;8,0;;
Africa;Central Africa;Central African Republic;CAF;7,04;5,70;7,5;4,5;8,5;6,5;8,0;9,0;1,5;1,5;3,0;7,0;8,38;9,0;8,0;8,5;8,0;1,92;1,5;1,5;3,0;2,5;2,0;1,5;1,5;2,0;1,5;3,0;1,0;2,0;;
Africa;Central Africa;Chad;TCD;5,86;5,35;7,0;7,0;8,0;1,5;3,5;7,0;2,0;4,5;6,0;7,0;6,38;5,5;6,5;8,5;5,0;2,46;3,5;2,5;5,0;2,5;2,0;2,5;3,5;2,0;2,0;1,0;1,0;2,0;;
Americas;South America;Chile;CHL;4,60;4,45;4,0;4,5;5,5;4,0;4,5;2,0;2,0;7,0;6,5;4,5;4,75;4,0;5,5;4,5;5,0;6,42;7,0;7,0;8,0;6,0;6,0;4,0;4,0;6,5;7,0;7,0;6,5;8,0;;
Asia;Eastern Asia;China;CHN;6,01;5,90;6,5;6,0;2,5;8,5;9,0;4,5;6,5;3,5;4,0;8,0;6,13;7,0;7,5;7,0;3,0;5,46;6,0;4,0;6,0;7,0;5,0;5,5;7,0;6,0;7,0;4,0;6,0;2,0;;
Americas;South America;Colombia;COL;7,66;7,20;7,5;7,0;8,0;6,0;7,0;9,0;5,0;9,5;8,0;5,0;8,13;9,5;9,0;7,0;7,0;5,83;7,0;5,5;9,0;7,0;5,5;6,0;4,5;6,0;5,0;3,5;4,5;6,5;;
Africa;Southern Africa;Comoros;COM;3,86;3,85;5,0;5,5;3,5;3,0;5,5;1,0;4,0;2,0;3,0;6,0;3,88;1,0;4,5;6,0;4,0;2,38;2,0;2,0;3,0;2,5;2,0;2,0;3,0;4,0;3,0;1,5;1,5;2,0;;
Africa;Central Africa;Congo, Dem. Rep.;COD;7,75;6,50;7,0;5,5;9,0;8,5;8,0;9,0;4,0;4,5;7,0;2,5;9,00;9,0;9,0;9,0;9,0;2,29;1,0;1,0;4,0;3,0;2,5;1,5;2,0;2,0;1,5;2,0;2,0;5,0;;
Africa;Central Africa;Congo, Rep.;COG;5,03;4,80;6,5;4,5;5,0;8,0;7,0;3,5;2,5;5,0;4,0;2,0;5,25;3,0;6,0;8,0;4,0;3,25;3,0;1,5;5,0;5,0;2,0;4,5;3,0;3,0;3,0;2,0;4,0;3,0;;
Americas;Central America;Costa Rica;CRI;4,99;4,85;5,0;5,0;5,0;5,0;6,0;6,5;1,0;7,0;4,5;3,5;5,13;6,5;6,0;1,5;6,5;5,50;7,0;6,5;6,0;6,5;5,0;5,0;5,0;4,0;4,5;5,0;5,0;6,5;;
Africa;West Africa;Côte d'Ivoire;CIV;6,15;6,05;6,5;6,5;7,0;6,0;6,5;7,5;3,5;5,0;6,0;6,0;6,25;3,0;7,0;7,0;8,0;4,42;4,5;4,0;6,0;4,5;5,5;5,0;4,0;5,0;3,5;3,5;3,0;4,5;;
Europe;Central & Eastern Europe;Croatia;HRV;5,06;4,75;4,5;6,0;3,5;5,0;2,5;4,5;5,0;5,5;5,5;5,5;5,38;4,0;6,5;6,5;4,5;5,58;5,0;5,5;6,5;6,0;5,0;6,0;6,5;6,5;4,5;5,5;5,0;5,0;;
Americas;Caribbean;Cuba;CUB;3,44;4,00;6,0;6,0;1,5;4,0;3,0;4,0;2,5;4,0;5,0;4,0;2,88;4,0;2,5;4,0;1,0;5,38;6,5;2,5;6,5;6,0;3,0;7,0;8,0;5,5;5,5;4,0;7,0;3,0;;
Europe;Southern Europe;Cyprus;CYP;4,19;3,50;5,5;6,0;2,5;2,5;3,0;2,0;2,0;4,5;4,0;3,0;4,88;3,5;5,0;4,0;7,0;4,42;5,0;5,0;6,5;6,0;4,0;5,5;3,0;3,0;3,5;4,0;3,5;4,0;;
Europe;Central & Eastern Europe;Czech Republic;CZE;4,63;4,75;5,0;5,0;4,5;3,0;5,5;3,0;4,5;4,5;6,0;6,5;4,50;3,0;5,0;5,5;4,5;6,25;6,0;5,5;7,0;6,5;6,5;7,0;7,0;6,0;6,0;5,5;6,0;6,0;;
Europe;Northern Europe;Denmark;DNK;3,86;3,85;4,0;4,5;4,0;1,5;2,0;2,0;5,0;5,5;5,0;5,0;3,88;5,0;4,0;2,0;4,5;8,21;9,0;9,0;8,5;9,0;7,5;8,0;8,5;5,5;8,5;7,5;8,5;9,0;;
Africa;East Africa;Djibouti;DJI;3,99;3,60;6,0;7,0;6,0;2,0;4,0;2,0;2,5;1,5;3,5;1,5;4,38;1,5;5,0;5,0;6,0;4,50;4,5;3,0;6,5;5,5;4,0;4,0;6,0;5,0;5,5;3,0;4,0;3,0;;
Americas;Caribbean;Dominica;DMA;2,63;2,75;2,5;2,5;5,0;1,0;1,0;1,0;1,0;6,0;5,0;2,5;2,50;1,0;5,0;1,5;2,5;5,08;3,5;4,0;6,0;5,0;5,0;5,5;6,0;5,0;5,0;5,0;6,0;5,0;;
Americas;Caribbean;Dominican Republic;DOM;5,15;5,30;6,0;6,0;4,0;4,5;4,0;4,5;6,5;8,0;5,0;4,5;5,00;5,0;5,5;5,5;4,0;4,67;5,0;3,0;7,0;5,0;4,0;4,5;5,5;4,0;5,0;4,0;4,0;5,0;;
Americas;South America;Ecuador;ECU;6,25;6,00;6,0;5,5;7,5;6,0;6,0;6,5;6,0;7,0;4,0;5,5;6,50;6,5;5,5;6,5;7,5;5,71;5,0;5,5;6,0;6,5;5,5;6,0;4,5;7,0;5,5;5,0;5,0;7,0;;
Africa;North Africa;Egypt;EGY;5,16;4,95;5,5;5,5;7,0;1,0;5,0;4,0;5,5;2,0;7,0;7,0;5,38;3,0;5,5;8,0;5,0;4,04;3,5;3,0;4,5;4,5;3,5;5,0;6,0;6,0;4,5;3,0;2,5;2,5;;
Americas;Central America;El Salvador;SLV;5,94;5,00;7,0;6,5;7,0;5,0;5,5;1,5;1,5;7,0;7,0;2,0;6,88;9,5;6,5;7,0;4,5;3,71;2,5;3,0;5,5;5,0;2,0;3,0;5,0;4,0;2,0;4,0;4,5;4,0;;
Africa;Central Africa;Equatorial Guinea;GNQ;4,11;3,85;4,5;2,0;5,0;8,5;5,0;6,0;1,5;1,5;3,5;1,0;4,38;1,0;2,5;9,0;5,0;2,17;1,5;1,0;2,0;5,5;2,0;2,0;3,5;2,0;1,5;1,5;1,5;2,0;;
Africa;East Africa;Eritrea;ERI;4,34;4,05;9,0;9,5;6,5;1,5;2,0;2,0;3,0;1,5;4,0;1,5;4,63;1,0;5,5;9,5;2,5;2,33;1,0;1,0;2,0;2,5;2,0;3,0;7,0;3,0;2,5;1,0;2,0;1,0;;
Europe;Northern Europe;Estonia;EST;3,60;3,45;4,5;3,0;3,0;1,5;1,5;3,0;3,0;3,5;5,0;6,5;3,75;3,0;5,0;2,0;5,0;7,83;8,0;8,0;8,5;8,0;8,0;7,0;8,0;7,5;8,0;7,5;8,0;7,5;;
Africa;Southern Africa;Eswatini;SWZ;3,63;3,25;4,0;3,0;4,0;2,0;2,0;3,0;3,0;3,0;5,5;3,0;4,00;1,5;5,5;5,0;4,0;3,25;3,0;2,5;5,0;4,0;2,5;3,0;3,5;4,0;2,0;3,0;4,0;2,5;;
Africa;East Africa;Ethiopia;ETH;4,79;4,95;6,0;6,5;7,0;3,5;5,5;5,5;3,0;4,0;5,5;3,0;4,63;2,0;6,5;4,0;6,0;5,38;5,0;5,0;6,0;6,0;5,0;4,0;6,0;7,0;6,0;4,5;5,0;5,0;;
Oceania;Melanesia;Fiji;FJI;3,90;3,80;5,0;3,5;2,0;3,0;4,5;2,0;2,0;4,5;5,0;6,5;4,00;1,0;6,5;3,0;5,5;5,25;6,0;5,5;5,0;5,5;4,5;5,0;4,5;6,0;6,0;4,0;5,0;6,0;;
Europe;Northern Europe;Finland;FIN;2,71;2,80;3,0;2,5;2,5;1,0;1,5;2,0;3,5;4,0;3,5;4,5;2,63;3,0;3,0;1,5;3,0;8,42;9,0;8,5;9,0;8,0;8,0;8,0;9,0;8,5;9,0;8,0;8,0;8,0;;
Europe;Western Europe;France;FRA;5,66;5,70;6,0;6,5;6,0;4,0;5,5;4,5;6,0;6,5;6,5;5,5;5,63;6,0;6,5;3,0;7,0;6,83;6,0;7,0;8,5;7,5;6,5;7,0;5,0;8,0;8,0;5,0;6,5;7,0;;
Africa;Central Africa;Gabon;GAB;4,90;4,80;5,5;5,5;4,5;8,5;7,0;3,0;2,5;2,5;4,0;5,0;5,00;1,0;5,0;8,0;6,0;3,17;2,0;2,0;5,0;4,0;3,0;4,5;4,5;2,0;2,0;3,0;3,5;2,5;;
Africa;West Africa;Gambia;GMB;4,83;5,15;7,0;5,0;2,5;7,0;3,5;4,5;4,5;6,5;7,0;4,0;4,50;1,0;6,5;6,5;4,0;5,00;5,0;5,0;4,5;5,0;5,0;5,5;6,5;5,5;5,5;2,5;3,5;6,5;;
Asia;Central Asia and the Caucasus;Georgia;GEO;2,96;3,05;3,5;2,0;2,0;3,5;3,5;3,0;3,5;2,0;3,5;4,0;2,88;2,5;3,0;3,0;3,0;5,71;5,0;6,5;7,0;6,5;3,5;6,5;5,0;5,0;5,0;7,0;5,5;6,0;;
Europe;Western Europe;Germany;DEU;4,90;4,80;5,5;7,0;6,0;1,5;3,5;2,5;4,5;6,5;5,0;6,0;5,00;5,0;6,5;2,0;6,5;7,67;7,0;7,5;8,0;8,0;7,5;7,5;9,0;6,5;7,0;8,0;8,0;8,0;;
Africa;West Africa;Ghana;GHA;6,01;6,15;6,5;5,0;5,0;6,5;6,0;7,5;6,0;6,5;5,5;7,0;5,88;3,0;6,5;7,5;6,5;5,38;5,5;5,5;6,5;5,0;5,0;4,5;6,0;6,0;6,0;3,5;4,0;7,0;;
Europe;Southern Europe;Greece;GRC;4,93;4,10;5,5;7,5;3,5;2,0;2,5;3,0;6,0;3,5;5,0;2,5;5,75;3,0;6,5;7,5;6,0;5,25;5,5;5,0;6,5;6,0;4,5;5,0;5,5;5,5;5,5;4,0;5,0;5,0;;
Americas;Caribbean;Grenada;GRD;3,05;2,85;2,0;1,0;3,0;1,0;2,5;3,0;1,0;6,5;7,0;1,5;3,25;4,0;2,0;3,0;4,0;4,67;5,0;5,0;5,0;5,0;5,0;6,0;6,0;4,0;5,0;3,0;4,0;3,0;;
Americas;Central America;Guatemala;GTM;6,48;5,95;6,5;7,0;7,0;4,0;4,0;2,5;7,5;8,5;6,5;6,0;7,00;7,5;6,0;7,0;7,5;4,42;3,5;4,0;5,5;5,5;4,0;5,0;3,5;5,0;4,0;4,0;4,0;5,0;;
Africa;West Africa;Guinea;GIN;5,20;5,15;7,0;3,0;6,0;4,5;6,0;6,5;2,5;7,0;4,5;4,5;5,25;1,0;5,0;8,0;7,0;2,83;2,0;3,0;4,0;3,5;3,0;3,5;3,0;3,0;3,0;1,5;1,5;3,0;;
Africa;West Africa;Guinea-Bissau;GNB;5,45;4,90;5,5;2,5;5,5;8,5;5,5;1,0;5,0;8,0;5,5;2,0;6,00;1,0;8,0;8,5;6,5;2,42;2,0;2,5;3,0;3,0;3,0;3,0;3,0;2,5;1,5;1,0;1,5;3,0;;
Americas;South America;Guyana;GUY;5,10;4,70;5,5;4,0;5,0;4,5;3,5;8,5;2,5;8,0;3,0;2,5;5,50;3,0;5,0;8,0;6,0;4,29;5,0;3,0;5,0;3,0;4,0;2,5;5,0;4,0;5,0;5,0;5,0;5,0;;
Americas;Caribbean;Haiti;HTI;5,73;5,45;6,5;6,5;5,5;6,5;4,0;6,0;2,0;8,0;6,0;3,5;6,00;8,0;6,0;7,0;3,0;2,67;2,0;2,0;3,0;4,0;3,0;2,0;2,0;3,0;2,0;1,5;3,0;4,5;;
Americas;Central America;Honduras;HND;6,98;5,70;6,5;6,5;6,0;7,0;6,0;5,0;2,0;7,5;7,5;3,0;8,25;8,5;8,0;8,5;8,0;3,92;2,5;3,5;5,5;4,0;3,0;4,5;4,5;4,0;3,5;3,0;4,5;4,5;;
Europe;Central & Eastern Europe;Hungary;HUN;4,50;4,75;6,0;6,0;3,5;3,5;4,5;3,5;4,5;5,0;5,5;5,5;4,25;1,0;4,0;7,0;5,0;5,08;4,5;3,5;5,0;5,5;5,0;6,0;7,0;5,5;4,5;4,5;6,0;4,0;;
Europe;Northern Europe;Iceland;ISL;3,39;2,65;4,0;3,0;1,5;1,0;1,5;1,0;1,5;4,5;4,0;4,5;4,13;4,5;5,0;2,0;5,0;8,04;7,0;7,5;8,5;8,5;8,5;8,5;8,5;8,0;8,5;7,0;7,5;8,5;;
Asia;Southern Asia;India;IND;5,53;6,30;7,0;6,0;5,5;5,5;8,0;7,0;6,5;3,5;7,5;6,5;4,75;3,5;6,0;6,0;3,5;5,25;4,0;5,5;7,5;4,5;5,0;5,5;6,5;6,0;5,0;3,5;5,0;5,0;;
Asia;South-Eastern Asia;Indonesia;IDN;6,38;6,00;6,5;6,0;4,5;7,5;8,0;7,5;3,5;4,0;6,5;6,0;6,75;6,0;7,5;7,5;6,0;4,33;4,0;3,5;5,5;5,0;3,5;4,0;4,0;4,5;4,5;5,0;4,5;4,0;;
Asia;Western Asia;Iran;IRN;7,10;6,95;7,5;8,0;8,0;4,5;4,0;8,5;9,0;5,5;6,0;8,5;7,25;7,0;7,5;9,5;5,0;3,50;3,0;2,5;4,5;4,0;3,5;3,5;5,5;2,5;3,0;4,0;3,0;3,0;;
Asia;Western Asia;Iraq;IRQ;7,05;6,35;8,0;8,5;9,0;1,5;4,5;9,0;6,0;5,0;6,0;6,0;7,75;6,5;7,5;8,0;9,0;3,79;4,5;3,0;4,0;4,0;4,0;3,5;3,5;4,0;3,5;3,0;4,0;4,5;;
Europe;Western Europe;Ireland;IRL;4,90;4,55;4,5;4,0;4,0;2,0;4,0;5,0;5,5;6,5;5,0;5,0;5,25;6,0;5,5;3,0;6,5;7,38;7,0;8,0;8,0;8,0;7,0;7,0;8,0;8,0;8,0;7,0;5,5;7,0;;
Asia;Western Asia;Israel;ISR;4,41;4,20;5,5;2,5;5,5;1,5;2,0;5,5;3,0;4,5;6,5;5,5;4,63;5,5;4,0;5,0;4,0;6,00;6,0;5,0;6,0;7,0;5,0;5,5;3,5;7,0;7,0;6,0;6,0;8,0;;
Europe;Southern Europe;Italy;ITA;5,81;5,25;7,0;6,5;5,5;2,5;3,5;5,5;4,5;7,5;5,0;5,0;6,38;9,0;3,0;6,5;7,0;6,29;6,5;5,0;8,5;8,0;5,0;7,5;6,5;5,5;5,0;5,5;5,5;7,0;;
Americas;Caribbean;Jamaica;JAM;5,91;4,20;5,0;3,0;8,5;1,5;2,0;1,0;3,0;6,0;9,0;3,0;7,63;8,0;7,5;8,0;7,0;5,46;5,0;5,5;6,5;5,5;4,0;6,0;6,5;4,5;4,5;5,0;6,0;6,5;;
Asia;Eastern Asia;Japan;JPN;4,53;4,05;5,0;4,5;3,0;4,0;6,0;3,0;2,0;3,0;4,5;5,5;5,00;6,5;5,5;3,0;5,0;7,46;6,0;7,5;9,0;7,5;8,0;7,5;8,5;8,0;8,0;5,5;6,0;8,0;;
Asia;Western Asia;Jordan;JOR;4,71;4,55;6,5;5,5;6,5;3,5;3,5;1,5;3,5;3,0;6,0;6,0;4,88;1,5;7,0;6,5;4,5;5,92;7,0;5,0;8,0;6,5;4,5;7,0;6,0;6,5;4,0;4,5;6,5;5,5;;
Asia;Central Asia and the Caucasus;Kazakhstan;KAZ;4,26;4,15;5,5;4,0;2,0;2,0;5,0;4,5;6,5;2,5;4,5;5,0;4,38;3,5;4,0;6,0;4,0;4,71;5,0;4,0;5,5;5,5;5,0;4,5;5,0;5,0;5,0;4,5;4,0;3,5;;
Africa;East Africa;Kenya;KEN;6,95;6,65;7,5;7,0;7,5;6,0;7,0;7,0;7,5;6,0;6,5;4,5;7,25;7,0;7,5;8,0;6,5;5,21;5,0;4,5;7,0;6,0;5,5;4,5;6,0;6,0;5,0;3,0;3,5;6,5;;
Oceania;Melanesia;Kiribati;KIR;2,35;2,45;4,5;1,5;2,0;1,0;6,5;2,0;1,0;3,0;2,0;1,0;2,25;1,0;4,0;1,5;2,5;4,33;5,5;5,5;5,5;6,0;4,0;5,0;4,0;4,0;3,0;1,0;3,0;5,5;;
Asia;Western Asia;Kuwait;KWT;5,14;6,15;8,0;6,5;6,5;5,5;6,0;6,0;5,0;4,5;6,5;7,0;4,13;1,0;6,0;6,0;3,5;5,54;5,0;4,5;6,0;5,5;5,5;6,0;5,5;5,5;6,5;5,5;5,5;5,5;;
Asia;Central Asia and the Caucasus;Kyrgyzstan;KGZ;5,33;4,40;6,5;4,5;3,0;2,0;3,5;5,5;7,0;2,0;5,5;4,5;6,25;5,5;6,5;8,5;4,5;4,17;3,5;3,0;4,5;5,0;3,0;3,5;4,5;3,0;5,0;4,5;5,0;5,5;;
Asia;South-Eastern Asia;Laos;LAO;5,51;5,65;6,5;6,5;4,5;8,0;8,0;1,5;7,0;2,5;4,0;8,0;5,38;1,5;6,0;6,0;8,0;3,42;3,0;2,5;3,5;4,0;3,0;4,0;2,5;3,5;4,0;4,0;3,5;3,5;;
Europe;Northern Europe;Latvia;LVA;3,51;3,65;4,5;3,5;3,5;1,0;2,0;2,0;4,5;5,0;5,5;5,0;3,38;3,5;3,5;2,0;4,5;7,42;7,5;6,0;8,5;8,0;7,5;7,5;8,5;5,5;8,0;7,5;7,5;7,0;;
Asia;Western Asia;Lebanon;LBN;6,76;5,90;8,5;6,5;7,5;1,5;3,0;5,0;4,0;6,0;9,0;8,0;7,63;6,0;7,0;9,5;8,0;4,00;4,5;3,5;6,5;4,0;4,0;3,5;3,0;3,0;2,0;5,0;3,5;5,5;;
Africa;Southern Africa;Lesotho;LSO;3,90;3,55;4,0;3,0;3,0;1,0;2,5;5,5;3,5;5,5;4,5;3,0;4,25;1,0;5,0;6,0;5,0;3,67;4,0;3,5;6,0;5,5;3,0;3,0;2,5;5,0;3,0;2,5;2,0;4,0;;
Africa;West Africa;Liberia;LBR;5,05;5,10;6,0;3,0;4,5;5,5;6,0;6,5;5,0;5,5;6,0;3,0;5,00;3,0;6,0;6,0;5,0;3,17;3,5;3,0;3,0;3,0;3,5;4,0;4,0;3,0;4,0;1,0;2,0;4,0;;
Africa;North Africa;Libya;LBY;6,55;6,10;9,5;8,0;9,5;1,0;3,5;8,5;2,5;4,0;7,5;7,0;7,00;8,0;7,5;8,5;4,0;1,54;1,5;1,5;2,5;2,0;1,5;1,5;1,5;1,0;2,0;1,0;1,0;1,5;;
Europe;Western Europe;Liechtenstein;LIE;1,88;2,00;2,0;1,5;2,5;1,5;1,5;1,5;2,0;2,5;3,0;2,0;1,75;1,0;1,5;1,5;3,0;8,42;9,0;8,0;7,5;9,0;9,0;8,0;9,5;5,0;8,5;9,5;9,5;8,5;;
Europe;Northern Europe;Lithuania;LTU;3,31;3,00;3,5;2,5;2,5;1,0;2,0;2,0;4,0;4,5;4,0;4,0;3,63;3,5;4,0;4,0;3,0;7,21;7,5;7,0;7,5;7,0;7,5;7,0;8,0;6,5;7,5;7,0;6,5;7,5;;
Europe;Western Europe;Luxembourg;LUX;2,36;2,35;3,5;2,0;2,0;1,0;1,5;1,5;3,5;3,0;2,5;3,0;2,38;1,0;2,0;1,5;5,0;7,50;8,0;6,5;9,0;7,0;7,5;7,0;8,0;6,0;8,0;7,0;8,0;8,0;;
Africa;Southern Africa;Madagascar;MDG;5,59;5,30;6,0;3,0;4,5;7,5;7,0;7,5;7,0;2,5;6,0;2,0;5,88;4,0;5,0;7,5;7,0;3,38;4,0;2,0;3,0;4,0;3,0;3,5;5,0;5,0;2,0;2,0;4,0;3,0;;
Africa;Southern Africa;Malawi;MWI;3,83;4,15;4,5;3,5;4,5;4,0;6,0;4,0;4,5;2,5;6,0;2,0;3,50;2,0;3,0;4,0;5,0;4,29;5,0;4,5;4,5;5,5;4,0;4,0;3,0;6,0;4,0;2,0;3,5;5,5;;
Asia;South-Eastern Asia;Malaysia;MYS;5,94;6,25;6,5;7,0;5,5;6,0;8,0;5,5;6,5;5,0;5,0;7,5;5,63;4,5;5,5;6,0;6,5;5,83;4,5;5,5;7,0;7,0;5,0;5,5;5,5;5,5;7,0;6,0;6,0;5,5;;
Asia;Southern Asia;Maldives;MDV;4,06;3,50;6,0;5,5;2,0;1,0;5,0;1,0;6,0;3,5;3,0;2,0;4,63;5,0;5,0;4,0;4,5;3,88;5,0;5,0;5,0;5,0;3,0;4,0;3,0;3,5;3,0;2,0;3,0;5,0;;
Africa;West Africa;Mali;MLI;5,89;6,15;7,0;6,0;8,0;5,0;5,5;7,5;3,0;6,0;7,0;6,5;5,63;3,0;7,0;8,5;4,0;2,38;2,0;3,0;4,0;2,5;2,5;2,0;1,5;2,5;2,0;1,5;2,0;3,0;;
Europe;Southern Europe;Malta;MLT;4,65;4,05;5,0;4,0;2,5;1,0;5,0;5,0;3,0;5,0;4,5;5,5;5,25;1,5;7,0;7,5;5,0;5,17;4,5;4,5;7,5;6,0;4,5;4,0;4,5;4,5;6,5;7,5;4,0;4,0;;
Oceania;Micronesia;Marshall Islands;MHL;2,31;2,50;4,5;2,0;1,5;1,0;6,5;1,0;1,5;2,0;2,5;2,5;2,13;1,0;2,0;2,0;3,5;5,04;5,5;4,5;5,0;6,0;6,5;4,0;5,5;4,0;6,0;3,5;4,0;6,0;;
Africa;North Africa;Mauritania;MRT;4,38;4,00;7,5;6,0;4,0;1,0;3,5;3,5;1,5;4,5;6,5;2,0;4,75;2,5;4,5;7,0;5,0;3,08;4,0;3,5;3,0;3,5;2,5;3,0;4,5;4,0;3,0;1,5;2,0;2,5;;
Africa;Southern Africa;Mauritius;MUS;4,51;4,40;4,5;3,5;2,0;2,0;3,0;4,0;8,0;3,5;5,5;8,0;4,63;2,0;6,0;6,0;4,5;5,67;6,0;6,0;6,5;6,0;5,5;5,5;5,5;3,5;7,0;5,5;5,0;6,0;;
Americas;Central America;Mexico;MEX;7,56;8,00;7,5;8,5;8,0;7,5;7,0;7,5;8,0;9,0;8,0;9,0;7,13;9,0;9,0;7,0;3,5;4,46;3,0;4,0;7,0;6,0;4,0;5,0;3,0;4,0;5,0;3,5;4,0;5,0;;
Oceania;Micronesia;Micronesia (Federated States of);FSM;3,30;2,85;5,0;3,0;1,5;1,0;6,5;1,0;1,0;3,0;3,5;3,0;3,75;1,0;5,5;3,0;5,5;5,33;6,5;5,0;5,5;5,5;5,5;6,0;6,0;4,0;4,0;4,5;5,5;6,0;;
Europe;Central & Eastern Europe;Moldova;MDA;4,45;3,90;7,5;4,0;5,0;2,5;2,0;3,0;3,0;2,5;4,5;5,0;5,00;4,0;4,0;7,0;5,0;3,71;3,5;3,5;4,5;5,0;3,0;3,5;2,0;3,5;4,0;5,0;3,0;4,0;;
Europe;Southern Europe;Monaco;MCO;2,43;1,60;1,5;1,0;1,5;1,0;1,0;1,5;2,0;2,0;2,5;2,0;3,25;1,0;3,0;3,5;5,5;5,38;3,5;4,0;5,0;6,0;8,0;7,0;6,0;4,5;4,0;8,0;4,5;4,0;;
Asia;Eastern Asia;Mongolia;MNG;4,01;3,90;4,5;3,0;3,5;5,5;4,5;4,0;2,0;2,0;4,0;6,0;4,13;2,0;4,5;4,5;5,5;5,08;5,0;5,0;6,0;6,5;4,0;5,0;5,0;4,0;3,5;4,0;6,5;6,5;;
Europe;Central & Eastern Europe;Montenegro;MNE;6,00;5,00;4,5;5,5;6,0;3,0;4,5;3,5;5,5;7,5;5,5;4,5;7,00;7,5;7,0;7,5;6,0;4,46;3,5;4,0;5,5;5,0;4,5;3,5;5,0;5,0;4,0;4,0;5,0;4,5;;
Africa;North Africa;Morocco;MAR;4,79;4,95;5,5;6,5;3,0;3,0;4,5;3,0;3,0;6,0;9,0;6,0;4,63;1,0;6,5;7,0;4,0;4,63;4,5;3,5;6,0;6,0;4,0;5,5;6,0;3,5;4,5;4,5;4,0;3,5;;
Africa;Southern Africa;Mozambique;MOZ;6,53;6,05;4,0;5,0;5,5;8,0;8,0;8,0;7,5;3,5;4,0;7,0;7,00;3,5;8,0;9,0;7,5;3,29;3,0;3,5;5,0;5,5;2,0;2,0;3,5;3,0;4,0;3,0;2,0;3,0;;
Asia;South-Eastern Asia;Myanmar;MMR;7,59;7,05;6,5;7,5;8,0;7,0;8,0;6,5;9,5;3,5;4,5;9,5;8,13;9,0;7,5;8,5;7,5;3,42;3,0;3,0;5,0;4,5;3,5;4,0;3,0;3,0;3,0;2,0;3,0;4,0;;
Africa;Southern Africa;Namibia;NAM;4,33;3,90;3,5;2,5;3,0;6,5;4,5;4,0;3,0;4,5;3,0;4,5;4,75;3,0;5,0;5,0;6,0;4,96;5,0;5,0;7,0;6,5;4,5;4,5;3,5;4,5;5,0;4,0;4,0;6,0;;
Oceania;Micronesia;Nauru;NRU;1,76;1,65;1,5;2,5;1,0;1,0;3,0;3,5;1,0;1,0;1,0;1,0;1,88;1,0;1,0;3,5;2,0;4,67;5,0;4,5;6,0;6,5;6,0;5,5;7,5;6,0;4,0;2,0;1,0;2,0;;
Asia;Southern Asia;Nepal;NPL;6,16;5,70;7,0;6,5;6,0;7,0;7,0;6,5;4,5;3,5;5,0;4,0;6,63;4,5;6,5;8,5;7,0;3,71;2,5;2,0;4,5;3,5;3,0;4,5;4,0;3,0;4,5;4,5;3,5;5,0;;
Europe;Western Europe;Netherlands;NLD;4,69;5,00;5,5;4,5;5,0;3,0;4,0;4,0;4,0;7,0;5,5;7,5;4,38;4,5;6,0;2,5;4,5;7,42;7,5;8,0;8,0;7,5;7,5;7,5;6,0;6,5;6,5;8,0;8,0;8,0;;
Oceania;Australia and New Zealand;New Zealand;NZL;3,25;3,25;3,5;3,5;3,0;2,0;3,5;1,5;3,0;3,0;4,0;5,5;3,25;4,5;3,5;1,5;3,5;8,38;8,5;8,5;8,5;8,5;8,0;8,5;8,5;8,0;8,5;8,5;8,0;8,5;;
Americas;Central America;Nicaragua;NIC;6,06;5,50;6,0;5,5;6,0;6,0;6,0;6,0;2,5;7,5;6,0;3,5;6,63;5,0;6,5;9,0;6,0;2,46;2,0;1,0;2,5;3,5;2,5;3,0;2,5;3,0;2,0;2,0;3,5;2,0;;
Africa;West Africa;Niger;NER;6,01;5,90;7,0;7,0;8,0;2,0;4,5;7,5;3,0;6,0;7,0;7,0;6,13;4,0;7,0;8,5;5,0;3,21;3,5;2,5;5,5;4,0;2,5;4,0;4,0;3,0;3,0;2,0;2,0;2,5;;
Africa;West Africa;Nigeria;NGA;7,15;7,05;7,5;6,0;8,0;6,0;6,5;8,0;6,0;6,5;8,0;8,0;7,25;5,5;9,0;7,5;7,0;5,50;5,5;5,0;7,0;7,0;4,5;4,5;4,5;5,0;6,5;5,0;5,0;6,5;;
Asia;Eastern Asia;Korea, DPR;PRK;4,78;5,30;8,0;6,5;9,0;1,0;3,0;7,0;3,5;2,0;6,0;7,0;4,25;1,0;2,0;10,0;4,0;1,96;3,5;1,0;2,0;2,0;1,5;1,5;6,0;1,0;1,5;1,0;1,0;1,5;;
Europe;Central & Eastern Europe;North Macedonia;MKD;5,31;5,00;5,5;6,5;4,5;4,0;3,5;3,0;6,5;5,0;6,0;5,5;5,63;4,0;6,5;6,0;6,0;5,21;5,0;4,5;6,0;5,0;5,0;5,0;6,0;5,5;4,5;5,0;5,0;6,0;;
Europe;Northern Europe;Norway;NOR;3,81;4,00;5,0;3,5;3,5;2,5;4,0;3,5;5,0;4,5;4,0;4,5;3,63;4,5;4,0;2,0;4,0;7,92;8,0;8,5;9,0;8,5;8,0;8,5;8,0;7,0;7,5;7,5;7,0;7,5;;
Asia;Western Asia;Oman;OMN;4,14;4,90;6,0;4,0;5,0;5,0;5,0;5,5;5,0;3,0;4,5;6,0;3,38;1,0;5,0;4,0;3,5;5,25;4,5;4,5;6,5;6,5;5,5;7,5;5,5;5,0;4,5;4,0;4,0;5,0;;
Asia;Southern Asia;Pakistan;PAK;6,28;6,30;8,0;7,0;8,0;4,5;5,0;5,5;8,5;3,0;7,0;6,5;6,25;6,0;7,5;7,0;4,5;4,00;3,5;3,5;5,0;5,0;3,0;4,0;4,0;4,0;4,0;3,5;4,0;4,5;;
Oceania;Micronesia;Palau;PLW;2,94;3,00;4,0;3,0;1,5;1,0;6,5;1,5;1,5;3,0;3,0;5,0;2,88;1,0;4,0;2,0;4,5;4,54;6,5;5,5;6,0;5,5;3,0;5,0;4,0;4,5;4,0;2,0;4,0;4,5;;
Americas;Central America;Panama;PAN;6,68;6,35;8,0;5,5;6,5;6,0;8,0;6,0;5,0;8,5;5,0;5,0;7,00;7,5;7,0;7,5;6,0;4,83;4,5;4,0;6,0;6,0;3,0;4,5;6,0;4,5;6,0;4,0;4,0;5,5;;
Oceania;Melanesia;Papua New Guinea;PNG;5,44;5,00;7,0;4,0;5,5;8,0;5,0;5,5;1,0;4,0;5,5;4,5;5,88;1,0;8,0;8,0;6,5;3,42;3,0;2,0;4,5;5,0;4,5;3,0;3,0;4,5;3,0;3,0;2,5;3,0;;
Americas;South America;Paraguay;PRY;6,70;5,90;7,0;6,0;8,5;6,0;6,5;3,5;1,0;7,0;9,0;4,5;7,50;6,0;7,5;8,0;8,5;3,38;2,0;3,0;5,0;3,0;3,0;3,0;5,0;2,5;4,0;2,0;3,0;5,0;;
Americas;South America;Peru;PER;6,35;6,20;7,0;6,0;5,5;7,0;5,5;9,0;3,5;9,0;5,5;4,0;6,50;6,0;8,0;7,0;5,0;4,58;3,0;5,5;5,0;6,0;6,0;5,0;5,0;4,5;4,0;3,5;3,0;4,5;;
Asia;South-Eastern Asia;Philippines;PHL;6,84;6,30;7,0;5,0;7,5;7,0;7,5;8,0;4,0;3,5;4,5;9,0;7,38;8,0;6,0;8,0;7,5;4,13;3,0;3,0;5,0;5,0;4,5;2,0;4,0;5,0;6,0;5,0;4,0;3,0;;
Europe;Central & Eastern Europe;Poland;POL;4,01;4,40;5,5;4,5;3,5;2,0;2,5;5,5;4,0;4,5;5,5;6,5;3,63;2,0;5,5;3,5;3,5;6,13;5,5;4,0;7,0;7,0;5,5;6,5;7,5;7,0;7,5;5,0;6,0;5,0;;
Europe;Southern Europe;Portugal;PRT;4,55;4,10;4,5;4,0;4,0;3,5;3,5;3,0;4,5;5,0;4,5;4,5;5,00;4,5;6,0;4,5;5,0;6,46;7,0;5,5;7,5;7,0;5,5;7,5;6,0;6,5;5,5;7,0;5,5;7,0;;
Asia;Western Asia;Qatar;QAT;5,21;5,80;8,0;6,0;6,5;5,0;6,5;5,0;4,5;4,0;6,0;6,5;4,63;1,0;6,0;6,0;5,5;5,58;5,0;5,5;5,5;5,0;5,0;5,5;7,0;6,0;6,0;6,0;6,0;4,5;;
Europe;Central & Eastern Europe;Romania;ROU;4,59;5,05;6,5;5,5;3,5;6,0;5,0;4,0;5,5;5,5;4,5;4,5;4,13;4,0;5,0;3,5;4,0;5,58;5,5;5,5;6,5;6,0;6,0;5,5;6,5;5,5;5,0;5,0;5,0;5,0;;
Europe;Central & Eastern Europe;Russia;RUS;6,24;6,10;6,5;6,0;4,5;7,5;7,5;5,0;7,0;4,5;5,0;7,5;6,38;4,5;7,5;8,5;5,0;4,04;4,0;3,0;4,5;5,5;4,0;4,5;5,5;4,0;4,0;2,5;3,5;3,5;;
Africa;Central Africa;Rwanda;RWA;3,68;4,10;5,0;2,5;5,0;3,0;5,0;8,0;3,0;2,5;4,0;3,0;3,25;1,0;3,0;5,0;4,0;5,50;5,5;5,5;5,0;6,0;5,0;7,0;6,0;6,0;6,0;5,5;5,0;3,5;;
Oceania;Polynesia;Samoa;WSM;2,04;2,45;3,5;2,0;3,0;1,5;2,0;2,0;1,0;2,5;4,5;2,5;1,63;1,0;2,0;1,5;2,0;5,67;4,5;5,0;5,0;6,5;6,0;6,5;7,5;6,0;3,0;5,0;6,0;7,0;;
Europe;Southern Europe;San Marino;SMR;3,01;1,90;2,0;1,5;3,0;1,0;1,0;1,5;2,0;3,5;2,5;1,0;4,13;2,0;4,0;4,5;6,0;5,13;4,0;4,0;5,5;5,5;6,5;5,0;6,0;4,0;5,5;5,5;4,5;5,5;;
Africa;Central Africa;São Tomé and Príncipe;STP;1,78;1,80;1,5;1,5;2,0;2,5;2,0;1,0;2,0;2,0;2,5;1,0;1,75;1,0;2,0;2,0;2,0;4,92;6,0;5,0;7,0;7,0;6,0;5,0;5,0;3,0;3,0;4,0;3,0;5,0;;
Asia;Western Asia;Saudi Arabia;SAU;6,01;6,90;8,5;7,5;8,0;5,0;7,0;7,0;6,5;5,5;6,5;7,5;5,13;3,0;6,5;8,0;3,0;4,29;3,0;3,5;5,0;4,5;3,0;4,5;5,0;5,5;5,0;4,5;5,0;3,0;;
Africa;West Africa;Senegal;SEN;4,81;5,00;5,0;5,0;4,5;7,5;7,0;3,5;2,5;6,5;6,0;2,5;4,63;2,5;5,5;4,5;6,0;5,58;5,5;4,0;6,0;6,5;5,0;6,0;6,5;5,0;5,5;5,0;5,0;7,0;;
Europe;Central & Eastern Europe;Serbia;SRB;6,21;5,55;5,0;6,5;7,5;4,0;4,0;4,0;7,0;5,5;6,0;6,0;6,88;6,0;7,0;8,0;6,5;4,92;4,5;4,0;6,0;5,0;5,0;5,0;6,0;5,5;5,0;4,0;5,5;3,5;;
Africa;Southern Africa;Seychelles;SYC;3,68;3,60;4,0;3,5;3,5;4,0;4,0;1,0;7,5;3,0;3,0;2,5;3,75;2,0;4,5;4,5;4,0;4,58;5,0;5,0;6,0;5,5;6,0;4,0;4,5;3,0;3,0;4,0;5,0;4,0;;
Africa;West Africa;Sierra Leone;SLE;5,40;5,05;5,0;4,0;3,5;6,5;6,5;6,5;2,0;4,5;7,0;5,0;5,75;3,5;5,5;7,0;7,0;3,46;3,5;3,5;4,0;2,5;2,0;4,0;4,0;3,5;3,0;2,5;4,0;5,0;;
Asia;South-Eastern Asia;Singapore;SGP;3,13;3,25;5,5;2,5;2,0;2,0;5,0;1,5;4,0;3,0;2,0;5,0;3,00;3,0;3,5;1,5;4,0;7,71;7,5;7,5;9,0;8,5;9,0;9,0;8,0;7,0;8,0;7,0;9,0;3,0;;
Europe;Central & Eastern Europe;Slovakia;SVK;4,69;4,25;5,5;3,5;4,5;3,5;3,0;3,0;4,5;4,5;5,0;5,5;5,13;3,0;6,0;6,5;5,0;5,38;5,5;5,0;7,0;6,5;5,0;5,5;6,0;5,0;4,5;4,5;5,0;5,0;;
Europe;Central & Eastern Europe;Slovenia;SVN;4,29;3,95;4,0;5,5;3,5;2,0;3,0;2,5;4,0;4,5;5,0;5,5;4,63;3,0;4,5;6,0;5,0;6,08;6,0;5,0;6,5;6,5;6,0;6,0;7,5;6,5;5,0;6,0;6,0;6,0;;
Oceania;Melanesia;Solomon Islands;SLB;4,15;3,55;4,0;2,0;3,0;8,0;7,5;2,5;1,0;2,5;3,5;1,5;4,75;1,0;4,5;7,0;6,5;5,21;5,0;4,5;5,5;4,5;5,5;6,0;5,0;5,0;5,0;4,5;6,5;5,5;;
Africa;East Africa;Somalia;SOM;5,79;4,45;8,0;7,5;8,5;6,0;4,5;2,0;2,0;2,0;2,0;2,0;7,13;9,5;7,5;7,0;4,5;1,67;1,0;1,0;2,0;2,0;2,0;1,5;1,5;2,5;1,5;1,0;1,5;2,5;;
Africa;Southern Africa;South Africa;ZAF;6,63;6,00;4,5;4,0;8,0;3,5;7,5;7,5;7,5;5,5;3,5;8,5;7,25;7,0;7,0;7,5;7,5;5,79;6,0;5,5;6,5;6,5;6,0;5,0;6,0;6,0;6,0;4,0;5,0;7,0;;
Asia;Eastern Asia;Korea, Rep.;KOR;4,91;3,95;6,0;4,5;3,5;4,0;4,5;2,0;3,5;3,5;3,0;5,0;5,88;6,5;6,0;4,5;6,5;7,54;8,0;7,0;8,0;8,0;8,5;8,0;7,0;7,0;6,5;6,5;8,0;8,0;;
Africa;East Africa;South Sudan;SSD;6,34;5,30;8,5;5,5;8,0;7,5;7,0;8,0;2,0;1,5;4,0;1,0;7,38;4,5;8,0;9,0;8,0;1,83;2,0;1,0;2,0;3,0;2,0;2,0;1,5;1,5;2,5;1,0;1,5;2,0;;
Europe;Southern Europe;Spain;ESP;5,78;5,30;7,0;7,0;4,0;3,5;5,0;2,0;6,5;7,0;7,0;4,0;6,25;6,0;6,5;5,0;7,5;6,63;6,0;6,0;8,0;8,0;7,0;8,0;5,5;6,5;6,0;6,5;5,0;7,0;;
Asia;Southern Asia;Sri Lanka;LKA;4,64;4,65;5,5;6,0;5,0;3,0;4,5;3,0;6,0;3,0;5,5;5,0;4,63;4,0;5,0;7,0;2,5;4,04;4,0;3,5;5,5;5,5;3,5;3,5;4,0;5,0;5,0;3,0;2,5;3,5;;
Americas;Caribbean;St. Kitts and Nevis;KNA;4,10;3,20;3,0;2,5;5,0;1,5;2,0;2,0;1,0;7,0;7,0;1,0;5,00;1,0;6,5;6,5;6,0;5,00;6,0;5,0;6,0;6,5;7,0;4,5;6,0;5,5;2,0;2,5;4,0;5,0;;
Americas;Caribbean;St. Lucia;LCA;4,09;3,05;4,0;1,5;5,0;2,0;1,0;1,0;1,0;7,0;7,0;1,0;5,13;5,0;4,0;5,5;6,0;5,63;7,5;6,5;6,5;6,5;6,0;4,5;5,5;4,0;5,5;5,0;6,0;4,0;;
Americas;Caribbean;St. Vincent and the Grenadines;VCT;3,30;2,85;2,5;1,0;4,0;1,0;2,0;1,0;1,0;7,5;7,5;1,0;3,75;2,0;5,0;2,0;6,0;5,46;6,0;6,0;6,0;6,5;6,0;4,5;6,0;5,5;4,0;3,0;6,0;6,0;;
Africa;East Africa;Sudan;SDN;6,46;5,55;8,0;7,5;8,5;1,5;5,5;7,5;2,0;2,5;8,0;4,5;7,38;6,5;7,5;8,0;7,5;2,96;3,0;2,0;5,0;4,5;3,5;3,5;2,5;4,0;2,5;1,0;2,0;2,0;;
Americas;South America;Suriname;SUR;4,90;4,55;4,0;4,0;5,5;5,0;3,5;9,0;1,5;8,5;2,5;2,0;5,25;2,5;5,0;8,0;5,5;2,25;3,0;2,0;3,0;2,0;2,0;2,0;2,0;1,0;1,5;2,0;2,5;4,0;;
Europe;Northern Europe;Sweden;SWE;4,56;4,25;4,5;5,5;6,0;2,0;3,5;2,0;4,0;4,5;5,0;5,5;4,88;5,5;5,5;2,5;6,0;7,46;7,0;9,0;8,5;7,0;7,0;6,5;8,0;7,5;7,5;6,0;7,0;8,5;;
Europe;Western Europe;Switzerland;CHE;4,34;4,30;5,0;3,0;6,5;1,5;3,0;7,0;2,5;5,5;5,5;3,5;4,38;4,5;4,0;1,5;7,5;7,13;9,0;6,5;7,5;6,5;7,0;7,5;8,5;5,0;6,0;8,0;6,0;8,0;;
Asia;Western Asia;Syria;SYR;6,84;6,05;8,5;8,5;9,0;1,5;3,5;7,0;3,0;2,5;7,5;9,5;7,63;4,5;9,0;10,0;7,0;1,88;2,0;1,0;3,0;2,0;1,5;2,0;1,5;2,0;2,5;2,0;2,0;1,0;;
Asia;Central Asia and the Caucasus;Tajikistan;TJK;5,61;5,10;6,5;6,0;4,0;2,5;3,5;7,0;8,5;2,0;6,0;5,0;6,13;5,5;5,0;9,0;5,0;2,67;3,0;2,0;3,0;2,0;3,0;3,0;2,5;3,5;3,0;2,0;3,0;2,0;;
Africa;East Africa;Tanzania;TZA;6,15;6,55;6,5;6,5;5,5;7,5;8,0;6,5;7,5;5,0;7,0;5,5;5,75;3,0;7,0;7,0;6,0;4,04;5,5;2,0;4,0;5,5;5,0;4,0;4,5;5,5;5,0;3,0;3,0;1,5;;
Asia;South-Eastern Asia;Thailand;THA;5,76;6,40;6,5;7,0;5,5;6,5;8,0;6,0;7,5;4,0;5,0;8,0;5,13;1,5;5,0;6,5;7,5;4,67;5,0;4,5;6,0;5,5;4,0;5,0;4,0;4,5;4,5;4,5;5,0;3,5;;
Asia;South-Eastern Asia;Timor-Leste;TLS;3,96;3,55;4,0;5,0;4,0;3,0;5,0;2,0;2,5;2,5;3,5;4,0;4,38;5,0;4,0;4,5;4,0;3,67;3,0;3,0;3,5;4,5;4,0;4,5;3,0;4,0;3,0;3,5;3,5;4,5;;
Africa;West Africa;Togo;TGO;5,33;4,90;6,0;3,5;4,0;5,0;6,0;6,0;3,0;5,0;6,5;4,0;5,75;1,0;7,0;7,5;7,5;4,00;3,0;3,0;5,5;4,5;3,5;4,0;4,0;3,0;4,5;4,5;4,0;4,5;;
Oceania;Polynesia;Tonga;TON;3,78;3,30;3,5;1,0;5,0;1,0;3,5;2,0;1,5;4,0;5,0;6,5;4,25;1,0;4,5;5,0;6,5;5,21;5,0;5,5;6,5;6,0;4,0;5,0;5,5;5,0;5,0;5,0;4,0;6,0;;
Americas;Caribbean;Trinidad and Tobago;TTO;4,94;4,25;6,0;4,0;6,0;1,0;2,0;2,0;3,0;7,5;7,0;4,0;5,63;6,0;5,0;5,0;6,5;5,21;5,0;5,0;6,5;7,0;3,5;5,5;5,0;6,0;4,0;5,0;5,0;5,0;;
Africa;North Africa;Tunisia;TUN;3,79;4,20;4,0;7,0;5,0;3,5;3,5;5,0;2,0;3,0;5,0;4,0;3,38;1,0;4,0;5,5;3,0;4,83;4,5;5,0;5,0;6,5;4,5;4,5;5,5;5,5;4,0;4,5;3,0;5,5;;
Asia;Western Asia;Turkey;TUR;6,89;6,40;7,0;9,0;9,0;4,0;3,0;9,5;8,0;4,0;5,0;5,5;7,38;8,0;7,5;9,0;5,0;3,54;3,0;3,0;3,5;4,5;2,0;3,0;6,5;2,0;4,0;4,0;3,5;3,5;;
Asia;Central Asia and the Caucasus;Turkmenistan;TKM;4,61;4,35;8,5;5,0;2,0;2,0;3,0;7,0;6,5;1,5;4,0;4,0;4,88;3,0;3,5;8,5;4,5;2,17;2,0;1,5;1,5;2,5;2,0;2,0;2,0;3,5;2,0;2,0;2,0;3,0;;
Oceania;Polynesia;Tuvalu;TUV;1,54;1,70;1,5;1,0;1,0;1,0;5,0;1,0;1,0;1,5;2,5;1,5;1,38;1,0;1,0;1,5;2,0;6,04;5,5;5,5;5,0;6,5;8,0;7,0;6,5;6,0;6,0;4,5;5,0;7,0;;
Africa;East Africa;Uganda;UGA;6,14;5,65;7,0;5,0;6,5;6,0;6,5;7,0;5,0;3,5;6,0;4,0;6,63;5,0;7,0;7,5;7,0;3,96;5,0;2,0;5,0;5,0;4,0;4,0;5,5;3,0;3,5;2,0;4,0;4,5;;
Europe;Central & Eastern Europe;Ukraine;UKR;6,18;5,60;7,0;6,5;8,0;6,5;4,0;7,0;5,0;3,5;5,0;3,5;6,75;6,0;7,0;8,0;6,0;4,00;3,5;4,0;5,5;4,0;4,5;3,5;2,0;4,0;4,5;3,5;4,0;5,0;;
Asia;Western Asia;United Arab Emirates;ARE;5,75;6,75;8,5;6,5;6,5;5,5;7,5;6,0;7,0;6,0;6,5;7,5;4,75;1,0;6,0;6,0;6,0;5,33;5,5;5,0;5,5;5,5;5,5;6,0;5,5;4,0;5,5;6,5;6,5;3,0;;
Europe;Western Europe;United Kingdom;GBR;4,89;4,40;6,0;5,0;3,5;2,5;4,0;2,0;4,5;6,5;4,5;5,5;5,38;4,0;6,5;3,0;8,0;7,88;8,0;7,5;8,0;8,5;8,5;7,5;8,5;6,5;7,5;7,5;7,5;9,0;;
Americas;North America;United States;USA;5,50;5,50;5,5;4,5;6,5;2,5;5,5;4,5;6,5;7,0;5,0;7,5;5,50;5,0;6,5;5,0;5,5;6,58;4,5;5,5;7,0;6,5;6,0;8,0;6,5;6,5;8,0;7,0;6,0;7,5;;
Americas;South America;Uruguay;URY;2,69;2,75;3,0;2,0;2,5;1,0;3,5;1,0;2,0;5,0;4,0;3,5;2,63;1,5;4,5;2,0;2,5;7,75;8,0;9,0;9,0;7,0;7,0;8,0;7,0;7,0;8,0;7,5;7,0;8,5;;
Asia;Central Asia and the Caucasus;Uzbekistan;UZB;4,96;4,55;7,5;6,0;3,0;3,0;3,5;6,5;6,5;1,5;4,0;4,0;5,38;5,0;4,5;7,0;5,0;3,79;3,0;3,0;4,0;4,0;3,0;3,5;4,5;3,5;4,5;4,0;5,0;3,5;;
Oceania;Melanesia;Vanuatu;VUT;2,20;2,40;2,5;1,5;1,5;3,0;5,5;1,5;1,5;2,0;3,0;2,0;2,00;1,0;1,0;2,5;3,5;5,33;5,0;6,0;6,0;6,5;7,0;6,5;5,0;4,0;3,5;5,0;3,5;6,0;;
Americas;South America;Venezuela;VEN;6,64;5,65;7,5;7,5;8,0;2,5;2,5;9,0;2,0;9,0;7,0;1,5;7,63;9,5;5,0;9,0;7,0;1,92;2,0;1,5;1,5;2,0;1,5;1,5;3,5;1,5;1,0;1,0;2,0;4,0;;
Asia;South-Eastern Asia;Vietnam;VNM;6,28;6,05;6,5;7,0;4,0;6,5;8,5;6,0;7,0;4,0;4,5;6,5;6,50;6,0;7,0;7,0;6,0;4,67;5,0;4,5;5,5;5,5;4,0;4,5;5,0;5,5;5,0;5,0;4,5;2,0;;
Asia;Western Asia;Yemen;YEM;6,13;5,00;8,5;7,5;9,0;2,5;4,0;7,0;2,5;2,0;3,0;4,0;7,25;8,0;7,0;6,0;8,0;2,00;2,0;2,0;3,0;2,0;1,5;2,0;2,0;2,0;2,5;1,0;2,0;2,0;;
Africa;Southern Africa;Zambia;ZMB;4,93;4,60;5,0;3,0;4,0;8,0;4,5;5,5;4,0;3,0;5,0;4,0;5,25;3,0;5,0;6,0;7,0;4,33;4,0;3,0;5,0;6,5;5,0;4,0;3,5;5,0;5,0;3,0;3,0;5,0;;
Africa;Southern Africa;Zimbabwe;ZWE;5,66;5,20;5,5;3,5;4,0;5,5;7,5;8,0;4,0;3,0;6,0;5,0;6,13;3,5;7,5;8,0;5,5;3,17;2,0;3,0;3,0;3,0;3,0;3,0;5,0;4,0;3,0;2,0;3,0;4,0;;
;;;;;;;;;;;;;;;;;;;;;;;;;;;;;;;;;;;
;;;;;;;;;;;;;;;;;;;;;;;;;;;;;;;;;;;
;;;;;;;;;;;;;;;;;;;;;;;;;;;;;;;;;;;
;;;;;;;;;;;;;;;;;;;;;;;;;;;;;;;;;;;
;;;;;;;;;;;;;;;;;;;;;;;;;;;;;;;;;;;
;;;;;;;;;;;;;;;;;;;;;;;;;;;;;;;;;;;
;;;;;;;;;;;;;;;;;;;;;;;;;;;;;;;;;;;
;;;;;;;;;;;;;;;;;;;;;;;;;;;;;;;;;;;
;;;;;;;;;;;;;;;;;;;;;;;;;;;;;;;;;;;
;;;;;;;;;;;;;;;;;;;;;;;;;;;;;;;;;;;
;;;;;;;;;;;;;;;;;;;;;;;;;;;;;;;;;;;
;;;;;;;;;;;;;;;;;;;;;;;;;;;;;;;;;;;
;;;;;;;;;;;;;;;;;;;;;;;;;;;;;;;;;;;
;;;;;;;;;;;;;;;;;;;;;;;;;;;;;;;;;;;
;;;;;;;;;;;;;;;;;;;;;;;;;;;;;;;;;;;
;;;;;;;;;;;;;;;;;;;;;;;;;;;;;;;;;;;
;;;;;;;;;;;;;;;;;;;;;;;;;;;;;;;;;;;
;;;;;;;;;;;;;;;;;;;;;;;;;;;;;;;;;;;
;;;;;;;;;;;;;;;;;;;;;;;;;;;;;;;;;;;
;;;;;;;;;;;;;;;;;;;;;;;;;;;;;;;;;;;
;;;;;;;;;;;;;;;;;;;;;;;;;;;;;;;;;;;
;;;;;;;;;;;;;;;;;;;;;;;;;;;;;;;;;;;
